airline,date_of_journey,source,destination,dep_time,arrival_time,duration,total_stops,additional_info,price
Air India,2019-06-12,Delhi,Cochin,09:45:00,08:15:00,1350,1.0,No Info,8991
Indigo,2019-03-15,Banglore,New Delhi,07:30:00,12:20:00,290,1.0,No Info,6114
Vistara,2019-06-12,Kolkata,Banglore,17:00:00,23:25:00,385,1.0,No Info,8610
Multiple Carriers,2019-06-01,Delhi,Cochin,07:05:00,16:10:00,545,1.0,No Info,9646
Jet Airways,2019-06-03,Delhi,Cochin,22:50:00,12:35:00,825,1.0,No Info,14714
Air India,2019-05-15,Delhi,Cochin,05:15:00,06:50:00,1535,1.0,No Info,8425
Air Asia,2019-06-03,Delhi,Cochin,07:55:00,22:25:00,870,1.0,No Info,8759
Multiple Carriers,2019-03-06,Delhi,Cochin,08:55:00,21:00:00,725,1.0,No Info,15147
Air Asia,2019-05-27,Banglore,Delhi,23:55:00,02:45:00,170,0.0,No Info,3383
Vistara,2019-05-21,Kolkata,Banglore,20:20:00,22:40:00,1580,1.0,No Info,8452
Air India,2019-03-15,Banglore,New Delhi,08:50:00,23:15:00,865,1.0,No Info,8714
Multiple Carriers,2019-06-03,Delhi,Cochin,07:05:00,16:10:00,545,1.0,No Info,10696
Air India,2019-05-24,Kolkata,Banglore,14:15:00,16:45:00,150,0.0,No Info,5510
Indigo,2019-04-15,Delhi,Cochin,05:05:00,12:10:00,425,1.0,No Info,6287
Indigo,2019-03-06,Chennai,Kolkata,19:35:00,21:55:00,140,0.0,No Info,7295
Jet Airways,2019-05-01,Kolkata,Banglore,09:35:00,09:45:00,1450,1.0,In-flight meal not included,9314
Goair,2019-03-06,Delhi,Cochin,14:10:00,19:20:00,310,1.0,No Info,19495
Indigo,2019-05-27,Mumbai,Hyderabad,21:20:00,22:50:00,90,0.0,No Info,2227
Indigo,2019-04-27,Delhi,Cochin,02:00:00,07:45:00,345,1.0,No Info,7173
Air India,2019-03-27,Delhi,Cochin,06:10:00,08:15:00,1565,1.0,No Info,6681
Jet Airways,2019-03-21,Delhi,Cochin,13:55:00,18:50:00,1735,2.0,In-flight meal not included,8728
Vistara,2019-06-03,Chennai,Kolkata,07:05:00,09:20:00,135,0.0,No Info,3687
Multiple Carriers,2019-06-09,Delhi,Cochin,14:55:00,22:30:00,455,1.0,No Info,6723
Jet Airways,2019-06-18,Mumbai,Hyderabad,19:35:00,21:05:00,90,0.0,In-flight meal not included,3210
Multiple Carriers,2019-06-12,Delhi,Cochin,11:25:00,19:15:00,470,1.0,No Info,7354
Multiple Carriers,2019-05-27,Delhi,Cochin,10:00:00,19:00:00,540,1.0,No Info,12507
Jet Airways,2019-03-18,Banglore,New Delhi,22:50:00,05:05:00,375,1.0,No Info,54826
Air India,2019-03-03,Banglore,New Delhi,05:50:00,12:55:00,425,1.0,No Info,12389
Jet Airways,2019-05-09,Kolkata,Banglore,08:25:00,18:15:00,590,1.0,In-flight meal not included,10844
Jet Airways,2019-03-21,Delhi,Cochin,10:45:00,18:50:00,1925,2.0,In-flight meal not included,9270
Multiple Carriers,2019-05-09,Delhi,Cochin,17:30:00,01:30:00,480,1.0,No Info,15078
Air Asia,2019-03-09,Delhi,Cochin,16:45:00,22:15:00,330,1.0,No Info,8327
Air Asia,2019-06-03,Banglore,Delhi,11:10:00,13:55:00,165,0.0,No Info,4483
Jet Airways,2019-04-01,Kolkata,Banglore,14:05:00,23:35:00,570,1.0,No Info,13364
Jet Airways,2019-06-15,Delhi,Cochin,19:30:00,12:35:00,1025,2.0,In-flight meal not included,10368
Jet Airways,2019-05-12,Kolkata,Banglore,17:00:00,23:35:00,395,1.0,No Info,14151
Jet Airways,2019-06-15,Banglore,Delhi,19:50:00,22:50:00,180,0.0,In-flight meal not included,7229
Spicejet,2019-04-03,Kolkata,Banglore,06:55:00,09:30:00,155,0.0,No Info,3873
Indigo,2019-06-12,Chennai,Kolkata,22:05:00,00:25:00,140,0.0,No Info,5277
Multiple Carriers,2019-03-27,Delhi,Cochin,02:15:00,15:30:00,795,1.0,No Info,12327
Jet Airways,2019-03-27,Delhi,Cochin,05:10:00,04:25:00,1395,2.0,In-flight meal not included,9412
Jet Airways,2019-06-21,Mumbai,Hyderabad,08:45:00,10:15:00,90,0.0,In-flight meal not included,4995
Vistara,2019-05-21,Kolkata,Banglore,20:20:00,10:45:00,865,1.0,No Info,9187
Jet Airways,2019-06-15,Delhi,Cochin,12:15:00,04:25:00,970,2.0,No Info,14300
Jet Airways,2019-03-24,Kolkata,Banglore,21:10:00,20:40:00,1410,1.0,In-flight meal not included,10031
Jet Airways,2019-05-21,Delhi,Cochin,09:40:00,04:25:00,1125,2.0,No Info,15129
Air India,2019-03-24,Banglore,New Delhi,13:20:00,16:10:00,170,0.0,No Info,4441
Air India,2019-03-24,Delhi,Cochin,04:00:00,07:40:00,1660,1.0,No Info,8635
Indigo,2019-05-18,Kolkata,Banglore,19:20:00,23:45:00,265,1.0,No Info,3717
Vistara,2019-06-15,Banglore,Delhi,07:00:00,09:40:00,160,0.0,No Info,4878
Goair,2019-05-24,Banglore,Delhi,20:55:00,23:40:00,165,0.0,No Info,3419
Jet Airways,2019-05-24,Delhi,Cochin,22:50:00,04:25:00,335,1.0,No Info,16079
Indigo,2019-05-01,Kolkata,Banglore,22:15:00,00:50:00,155,0.0,No Info,4804
Indigo,2019-06-18,Banglore,Delhi,22:10:00,01:00:00,170,0.0,No Info,3419
Air India,2019-03-03,Banglore,New Delhi,10:00:00,12:45:00,165,0.0,No Info,11423
Air India,2019-06-15,Delhi,Cochin,19:45:00,19:15:00,1410,2.0,No Info,9653
Indigo,2019-06-12,Delhi,Cochin,07:30:00,21:00:00,810,1.0,No Info,6093
Jet Airways,2019-06-12,Kolkata,Banglore,09:35:00,21:05:00,690,1.0,No Info,12692
Spicejet,2019-04-06,Kolkata,Banglore,22:20:00,00:40:00,140,0.0,No check-in baggage included,3841
Air India,2019-05-27,Delhi,Cochin,17:20:00,09:25:00,965,1.0,No Info,7480
Jet Airways,2019-05-18,Delhi,Cochin,10:00:00,19:00:00,540,1.0,No Info,15554
Indigo,2019-06-06,Mumbai,Hyderabad,19:05:00,20:35:00,90,0.0,No Info,2754
Air India,2019-03-01,Banglore,New Delhi,05:50:00,12:15:00,1825,3.0,No Info,12346
Jet Airways,2019-05-06,Kolkata,Banglore,16:30:00,19:50:00,1640,1.0,In-flight meal not included,9663
Jet Airways,2019-03-21,Delhi,Cochin,08:00:00,18:50:00,650,1.0,In-flight meal not included,6540
Vistara,2019-06-12,Kolkata,Banglore,07:10:00,22:40:00,930,1.0,No Info,8452
Multiple Carriers,2019-03-03,Delhi,Cochin,10:00:00,01:35:00,935,1.0,No Info,16863
Multiple Carriers,2019-03-21,Delhi,Cochin,13:15:00,21:20:00,485,2.0,No Info,6653
Jet Airways,2019-06-09,Kolkata,Banglore,17:00:00,22:05:00,1745,1.0,No Info,12692
Jet Airways,2019-06-01,Delhi,Cochin,09:40:00,12:35:00,1615,2.0,In-flight meal not included,10368
Jet Airways,2019-03-01,Banglore,New Delhi,08:00:00,13:15:00,315,1.0,No Info,22270
Indigo,2019-03-27,Mumbai,Hyderabad,09:10:00,10:40:00,90,0.0,No Info,4392
Air India,2019-05-09,Kolkata,Banglore,10:00:00,20:25:00,625,1.0,No Info,10203
Air India,2019-04-27,Banglore,Delhi,10:00:00,12:45:00,165,0.0,No Info,5228
Indigo,2019-04-06,Kolkata,Banglore,15:30:00,18:05:00,155,0.0,No Info,4174
Jet Airways,2019-05-06,Kolkata,Banglore,20:00:00,12:00:00,960,1.0,In-flight meal not included,9663
Air India,2019-05-18,Delhi,Cochin,20:30:00,23:00:00,1590,1.0,No Info,8907
Air India,2019-05-09,Banglore,Delhi,21:05:00,23:55:00,170,0.0,No Info,6121
Jet Airways,2019-06-27,Delhi,Cochin,21:25:00,12:35:00,910,2.0,In-flight meal not included,11507
Air India,2019-05-24,Kolkata,Banglore,10:00:00,20:25:00,625,1.0,No Info,10413
Indigo,2019-05-27,Banglore,Delhi,08:30:00,11:20:00,170,0.0,No Info,4823
Jet Airways,2019-05-15,Banglore,Delhi,11:10:00,14:05:00,175,0.0,In-flight meal not included,4030
Jet Airways,2019-06-27,Delhi,Cochin,13:00:00,12:35:00,1415,1.0,In-flight meal not included,10262
Jet Airways,2019-05-09,Kolkata,Banglore,08:25:00,20:45:00,740,1.0,In-flight meal not included,10844
Vistara,2019-06-06,Banglore,Delhi,09:45:00,12:35:00,170,0.0,No Info,4668
Indigo,2019-06-15,Delhi,Cochin,09:15:00,21:00:00,705,1.0,No Info,6838
Jet Airways,2019-03-21,Delhi,Cochin,18:25:00,04:25:00,600,2.0,In-flight meal not included,7791
Multiple Carriers,2019-03-06,Delhi,Cochin,11:30:00,19:15:00,465,1.0,In-flight meal not included,15342
Multiple Carriers,2019-03-09,Delhi,Cochin,15:05:00,01:35:00,630,1.0,In-flight meal not included,14086
Spicejet,2019-05-21,Banglore,Delhi,09:30:00,12:20:00,170,0.0,No check-in baggage included,3573
Jet Airways,2019-06-09,Kolkata,Banglore,06:30:00,18:15:00,705,1.0,In-flight meal not included,10844
Indigo,2019-05-15,Kolkata,Banglore,06:20:00,10:20:00,240,1.0,No Info,4226
Multiple Carriers,2019-06-03,Delhi,Cochin,10:00:00,21:00:00,660,1.0,No Info,13587
Indigo,2019-04-15,Banglore,Delhi,06:05:00,08:50:00,165,0.0,No Info,4423
Multiple Carriers,2019-06-15,Delhi,Cochin,16:00:00,01:30:00,570,1.0,In-flight meal not included,10196
Spicejet,2019-06-27,Mumbai,Hyderabad,13:15:00,14:45:00,90,0.0,No Info,2017
Multiple Carriers,2019-03-27,Delhi,Cochin,07:05:00,13:20:00,375,1.0,No Info,12537
Jet Airways,2019-05-24,Kolkata,Banglore,06:30:00,09:20:00,1610,1.0,No Info,14178
Air India,2019-05-18,Delhi,Cochin,13:15:00,09:25:00,1210,2.0,No Info,11307
Multiple Carriers,2019-06-24,Delhi,Cochin,04:55:00,19:00:00,845,1.0,No Info,10678
Spicejet,2019-03-27,Kolkata,Banglore,06:55:00,09:35:00,160,0.0,No check-in baggage included,3815
Jet Airways,2019-06-09,Delhi,Cochin,09:40:00,04:25:00,1125,2.0,In-flight meal not included,10368
Indigo,2019-03-27,Delhi,Cochin,04:55:00,16:10:00,675,1.0,No Info,6171
Indigo,2019-03-24,Chennai,Kolkata,19:35:00,21:55:00,140,0.0,No Info,7295
Indigo,2019-06-15,Delhi,Cochin,10:35:00,01:30:00,895,1.0,No Info,5883
Air India,2019-05-21,Kolkata,Banglore,10:00:00,01:20:00,920,2.0,No Info,13033
Multiple Carriers,2019-05-18,Delhi,Cochin,08:45:00,19:15:00,630,1.0,No Info,8476
Goair,2019-04-24,Delhi,Cochin,07:00:00,12:55:00,355,1.0,No Info,6195
Indigo,2019-06-21,Mumbai,Hyderabad,16:55:00,18:25:00,90,0.0,No Info,4392
Multiple Carriers,2019-03-03,Delhi,Cochin,17:00:00,01:35:00,515,1.0,No Info,17073
Vistara,2019-03-06,Mumbai,Hyderabad,07:30:00,09:25:00,1555,1.0,No Info,12395
Air Asia,2019-04-18,Banglore,Delhi,11:10:00,13:55:00,165,0.0,No Info,4483
Multiple Carriers,2019-06-03,Delhi,Cochin,11:30:00,21:00:00,570,1.0,No Info,13587
Multiple Carriers,2019-03-09,Delhi,Cochin,06:00:00,21:00:00,900,1.0,No Info,13677
Goair,2019-05-15,Kolkata,Banglore,23:30:00,07:45:00,495,1.0,No Info,6945
Air India,2019-05-18,Delhi,Cochin,13:00:00,19:15:00,375,1.0,No Info,10191
Indigo,2019-06-12,Delhi,Cochin,17:30:00,01:30:00,480,1.0,No Info,6104
Indigo,2019-05-01,Kolkata,Banglore,07:10:00,12:40:00,330,1.0,No Info,6111
Indigo,2019-06-01,Delhi,Cochin,06:50:00,22:30:00,940,1.0,No Info,6442
Indigo,2019-04-21,Delhi,Cochin,05:35:00,08:50:00,195,0.0,No Info,6015
Spicejet,2019-06-01,Mumbai,Hyderabad,13:15:00,14:45:00,90,0.0,No check-in baggage included,2175
Indigo,2019-04-06,Kolkata,Banglore,17:15:00,19:50:00,155,0.0,No Info,4174
Air India,2019-06-15,Banglore,Delhi,10:00:00,12:45:00,165,0.0,No Info,6961
Jet Airways,2019-06-03,Delhi,Cochin,09:00:00,19:00:00,600,1.0,No Info,14714
Multiple Carriers,2019-03-21,Delhi,Cochin,11:40:00,18:50:00,430,1.0,No Info,11999
Vistara,2019-03-06,Delhi,Cochin,14:55:00,17:50:00,175,0.0,No Info,8001
Spicejet,2019-03-15,Chennai,Kolkata,09:30:00,12:05:00,155,0.0,No Info,6300
Indigo,2019-06-12,Banglore,Delhi,16:55:00,19:55:00,180,0.0,No Info,4823
Spicejet,2019-05-09,Banglore,Delhi,21:10:00,00:05:00,175,0.0,No check-in baggage included,4319
Vistara,2019-03-09,Banglore,New Delhi,19:40:00,22:20:00,160,0.0,No Info,8290
Jet Airways,2019-06-09,Banglore,Delhi,06:00:00,08:45:00,165,0.0,In-flight meal not included,7229
Indigo,2019-05-15,Delhi,Cochin,06:50:00,12:10:00,320,1.0,No Info,5298
Multiple Carriers,2019-06-24,Delhi,Cochin,17:30:00,01:30:00,480,1.0,No Info,13377
Indigo,2019-04-03,Mumbai,Hyderabad,19:05:00,20:35:00,90,0.0,No Info,2754
Jet Airways,2019-03-06,Delhi,Cochin,08:00:00,04:25:00,1225,1.0,In-flight meal not included,13843
Jet Airways,2019-05-01,Kolkata,Banglore,16:30:00,22:35:00,365,1.0,No Info,14781
Jet Airways,2019-05-06,Kolkata,Banglore,06:30:00,19:50:00,800,1.0,No Info,14781
Air India,2019-03-18,Banglore,New Delhi,13:50:00,18:40:00,1730,1.0,No Info,11161
Air India,2019-05-18,Kolkata,Banglore,09:25:00,18:30:00,545,1.0,No Info,8576
Air India,2019-05-12,Kolkata,Banglore,12:00:00,18:30:00,1830,2.0,No Info,10676
Indigo,2019-05-21,Chennai,Kolkata,22:05:00,00:25:00,140,0.0,No Info,5277
Air India,2019-04-18,Banglore,Delhi,13:20:00,16:10:00,170,0.0,No Info,6121
Indigo,2019-03-03,Banglore,New Delhi,10:05:00,13:00:00,175,0.0,No Info,7648
Jet Airways,2019-05-09,Kolkata,Banglore,18:55:00,08:15:00,800,1.0,In-flight meal not included,8586
Indigo,2019-03-27,Kolkata,Banglore,15:20:00,17:55:00,155,0.0,No Info,5198
Multiple Carriers,2019-03-27,Delhi,Cochin,06:00:00,21:00:00,900,1.0,No Info,8055
Indigo,2019-05-12,Delhi,Cochin,05:35:00,08:50:00,195,0.0,No Info,6015
Jet Airways,2019-03-24,Kolkata,Banglore,06:30:00,16:20:00,590,1.0,No Info,13339
Indigo,2019-06-01,Kolkata,Banglore,09:35:00,12:10:00,155,0.0,No Info,4804
Indigo,2019-06-18,Banglore,Delhi,10:10:00,13:00:00,170,0.0,No Info,3943
Air Asia,2019-06-09,Kolkata,Banglore,10:20:00,12:55:00,155,0.0,No Info,5645
Multiple Carriers,2019-03-03,Delhi,Cochin,10:20:00,21:00:00,640,1.0,No Info,15147
Jet Airways,2019-03-24,Kolkata,Banglore,19:45:00,22:35:00,1610,1.0,No Info,13759
Jet Airways,2019-06-03,Banglore,Delhi,17:45:00,20:45:00,180,0.0,In-flight meal not included,6478
Indigo,2019-03-03,Banglore,New Delhi,16:55:00,19:45:00,170,0.0,No Info,8855
Indigo,2019-05-12,Kolkata,Banglore,15:15:00,17:45:00,150,0.0,No Info,4804
Jet Airways,2019-06-06,Kolkata,Banglore,18:55:00,10:05:00,910,1.0,No Info,14571
Air India,2019-05-06,Kolkata,Banglore,10:00:00,10:00:00,1440,2.0,No Info,14298
Jet Airways,2019-05-18,Kolkata,Banglore,20:25:00,09:45:00,800,1.0,No Info,14151
Jet Airways,2019-05-18,Delhi,Cochin,05:30:00,04:25:00,1375,2.0,In-flight meal not included,13029
Air Asia,2019-05-24,Kolkata,Banglore,06:50:00,10:30:00,220,1.0,No Info,5162
Jet Airways,2019-06-06,Kolkata,Banglore,21:10:00,04:40:00,450,1.0,In-flight meal not included,7757
Multiple Carriers,2019-03-21,Delhi,Cochin,10:00:00,19:15:00,555,1.0,In-flight meal not included,8401
Multiple Carriers,2019-05-21,Delhi,Cochin,08:00:00,19:15:00,675,1.0,No Info,15058
Air India,2019-05-27,Delhi,Cochin,20:15:00,19:15:00,1380,2.0,No Info,13381
Jet Airways,2019-06-03,Delhi,Cochin,16:00:00,12:35:00,1235,1.0,No Info,14714
Jet Airways,2019-05-18,Delhi,Cochin,11:30:00,19:00:00,450,1.0,No Info,15554
Air Asia,2019-06-03,Kolkata,Banglore,22:50:00,01:20:00,150,0.0,No Info,4409
Air India,2019-06-12,Delhi,Cochin,18:45:00,19:15:00,1470,2.0,No Info,11732
Air India,2019-05-24,Kolkata,Banglore,19:00:00,04:40:00,580,1.0,No Info,6327
Jet Airways,2019-05-03,Mumbai,Hyderabad,07:05:00,08:30:00,85,0.0,In-flight meal not included,4995
Air India,2019-06-09,Kolkata,Banglore,05:50:00,08:55:00,1625,2.0,No Info,12723
Indigo,2019-05-27,Delhi,Cochin,11:55:00,22:30:00,635,1.0,No Info,6442
Spicejet,2019-06-12,Mumbai,Hyderabad,13:15:00,14:45:00,90,0.0,No Info,2017
Jet Airways,2019-05-18,Kolkata,Banglore,08:25:00,08:15:00,1430,1.0,In-flight meal not included,9663
Vistara,2019-05-21,Banglore,Delhi,19:30:00,22:15:00,165,0.0,No Info,4878
Air India,2019-06-06,Kolkata,Banglore,12:00:00,11:10:00,1390,2.0,No Info,9416
Multiple Carriers,2019-06-03,Delhi,Cochin,11:40:00,19:15:00,455,1.0,No Info,9001
Air India,2019-06-12,Delhi,Cochin,10:55:00,07:40:00,1245,2.0,No Info,11753
Indigo,2019-04-03,Banglore,Delhi,18:55:00,21:50:00,175,0.0,No Info,4823
Indigo,2019-05-24,Chennai,Kolkata,11:35:00,14:00:00,145,0.0,No Info,4332
Jet Airways,2019-06-12,Kolkata,Banglore,06:30:00,18:15:00,705,1.0,No Info,13626
Goair,2019-04-06,Delhi,Cochin,07:00:00,12:55:00,355,1.0,No Info,5135
Air India,2019-03-06,Delhi,Cochin,07:00:00,07:40:00,1480,1.0,No Info,15407
Indigo,2019-06-12,Chennai,Kolkata,14:45:00,17:05:00,140,0.0,No Info,3597
Jet Airways,2019-06-12,Kolkata,Banglore,14:05:00,19:50:00,345,1.0,In-flight meal not included,9899
Indigo,2019-06-09,Mumbai,Hyderabad,06:25:00,07:55:00,90,0.0,No Info,4049
Jet Airways,2019-06-01,Delhi,Cochin,09:35:00,12:35:00,1620,2.0,No Info,13292
Indigo,2019-06-03,Delhi,Cochin,06:40:00,21:00:00,860,1.0,No Info,6093
Indigo,2019-03-18,Mumbai,Hyderabad,02:30:00,04:00:00,90,0.0,No Info,2754
Air India,2019-06-03,Delhi,Cochin,20:15:00,19:15:00,1380,2.0,No Info,13381
Indigo,2019-03-18,Kolkata,Banglore,15:20:00,17:55:00,155,0.0,No Info,4462
Indigo,2019-06-27,Banglore,Delhi,21:15:00,00:15:00,180,0.0,No Info,3943
Spicejet,2019-06-06,Chennai,Kolkata,08:20:00,10:35:00,135,0.0,No Info,3597
Air Asia,2019-04-09,Kolkata,Banglore,06:50:00,10:30:00,220,1.0,No Info,5162
Jet Airways,2019-05-27,Delhi,Cochin,09:40:00,04:25:00,1125,2.0,In-flight meal not included,13029
Jet Airways,2019-06-12,Kolkata,Banglore,16:30:00,10:05:00,1055,1.0,No Info,13044
Multiple Carriers,2019-03-06,Delhi,Cochin,04:00:00,18:50:00,890,1.0,No Info,13399
Jet Airways,2019-03-06,Delhi,Cochin,02:15:00,04:25:00,1570,1.0,No Info,17024
Air India,2019-06-09,Kolkata,Banglore,05:50:00,12:30:00,1840,2.0,No Info,12723
Jet Airways,2019-05-18,Kolkata,Banglore,20:00:00,18:15:00,1335,1.0,In-flight meal not included,10844
Vistara,2019-06-06,Kolkata,Banglore,20:20:00,09:05:00,765,1.0,No Info,8452
Indigo,2019-03-09,Banglore,New Delhi,01:30:00,04:15:00,165,0.0,No Info,4545
Air India,2019-05-24,Kolkata,Banglore,09:25:00,05:25:00,1200,2.0,No Info,14897
Jet Airways,2019-03-21,Delhi,Cochin,05:30:00,18:50:00,2240,2.0,In-flight meal not included,9328
Multiple Carriers,2019-06-24,Delhi,Cochin,10:00:00,21:00:00,660,1.0,No Info,13587
Jet Airways,2019-06-21,Banglore,Delhi,18:55:00,22:00:00,185,0.0,No Info,8541
Spicejet,2019-04-01,Kolkata,Banglore,15:05:00,20:20:00,315,1.0,No Info,4649
Air India,2019-03-03,Banglore,New Delhi,17:00:00,19:45:00,165,0.0,No Info,19508
Jet Airways,2019-06-09,Mumbai,Hyderabad,02:55:00,04:20:00,85,0.0,In-flight meal not included,4050
Spicejet,2019-04-03,Mumbai,Hyderabad,05:45:00,07:15:00,90,0.0,No Info,2017
Jet Airways,2019-05-15,Banglore,Delhi,08:20:00,11:20:00,180,0.0,No Info,7229
Jet Airways,2019-03-01,Banglore,New Delhi,07:00:00,15:15:00,495,1.0,No Info,26890
Vistara,2019-06-12,Banglore,Delhi,19:30:00,22:15:00,165,0.0,No Info,4878
Jet Airways,2019-03-24,Kolkata,Banglore,18:55:00,18:10:00,1395,1.0,In-flight meal not included,11134
Spicejet,2019-05-21,Banglore,Delhi,21:10:00,00:05:00,175,0.0,No Info,3625
Jet Airways,2019-03-21,Delhi,Cochin,16:00:00,18:50:00,1610,1.0,In-flight meal not included,5963
Spicejet,2019-06-09,Chennai,Kolkata,08:20:00,10:35:00,135,0.0,No Info,3597
Jet Airways,2019-05-15,Kolkata,Banglore,20:00:00,08:15:00,735,1.0,No Info,13941
Air India,2019-05-21,Delhi,Cochin,13:20:00,19:15:00,1795,2.0,No Info,13276
Multiple Carriers,2019-06-27,Delhi,Cochin,11:30:00,01:30:00,840,1.0,No Info,13377
Jet Airways,2019-05-24,Kolkata,Banglore,09:35:00,18:00:00,505,1.0,No Info,14151
Air Asia,2019-05-09,Kolkata,Banglore,22:40:00,10:40:00,720,1.0,No Info,5192
Spicejet,2019-05-15,Mumbai,Hyderabad,22:45:00,00:15:00,90,0.0,No check-in baggage included,1965
Air India,2019-03-24,Kolkata,Banglore,09:25:00,01:20:00,955,2.0,No Info,11853
Jet Airways,2019-05-21,Delhi,Cochin,11:30:00,19:00:00,450,1.0,In-flight meal not included,12898
Jet Airways,2019-05-12,Banglore,Delhi,19:50:00,22:50:00,180,0.0,No Info,7229
Spicejet,2019-03-27,Chennai,Kolkata,08:20:00,10:35:00,135,0.0,No check-in baggage included,3332
Multiple Carriers,2019-03-27,Delhi,Cochin,07:05:00,16:10:00,545,1.0,No Info,6076
Jet Airways,2019-05-18,Kolkata,Banglore,16:30:00,04:40:00,730,1.0,No Info,13941
Indigo,2019-03-21,Mumbai,Hyderabad,21:20:00,22:45:00,85,0.0,No Info,2227
Multiple Carriers,2019-05-24,Delhi,Cochin,09:00:00,19:00:00,600,1.0,No Info,10197
Jet Airways,2019-06-12,Delhi,Cochin,18:20:00,12:35:00,1095,2.0,No Info,14300
Indigo,2019-04-09,Kolkata,Banglore,19:35:00,00:10:00,275,1.0,No Info,4860
Air India,2019-06-12,Delhi,Cochin,09:45:00,09:25:00,1420,1.0,No Info,7480
Jet Airways,2019-06-06,Kolkata,Banglore,08:25:00,16:20:00,475,1.0,No Info,14571
Jet Airways,2019-06-09,Delhi,Cochin,17:30:00,12:35:00,1145,1.0,In-flight meal not included,10262
Jet Airways,2019-03-27,Delhi,Cochin,06:20:00,19:45:00,2245,2.0,In-flight meal not included,9296
Goair,2019-03-09,Banglore,New Delhi,20:55:00,23:50:00,175,0.0,No Info,5706
Spicejet,2019-03-21,Chennai,Kolkata,08:20:00,10:35:00,135,0.0,No check-in baggage included,3332
Spicejet,2019-04-24,Delhi,Cochin,08:45:00,13:15:00,270,1.0,No check-in baggage included,4760
Jet Airways,2019-06-01,Banglore,Delhi,06:00:00,08:45:00,165,0.0,In-flight meal not included,7229
Indigo,2019-06-01,Kolkata,Banglore,22:15:00,00:50:00,155,0.0,No Info,4804
Multiple Carriers,2019-05-21,Delhi,Cochin,10:00:00,01:30:00,930,1.0,No Info,14067
Indigo,2019-05-18,Chennai,Kolkata,11:35:00,14:00:00,145,0.0,No Info,4332
Air India,2019-03-01,Banglore,New Delhi,11:05:00,22:45:00,700,1.0,No Info,14069
Air India,2019-04-27,Delhi,Cochin,18:05:00,21:10:00,185,0.0,No Info,5411
Goair,2019-04-24,Banglore,Delhi,07:45:00,10:40:00,175,0.0,No Info,4632
Jet Airways,2019-05-01,Kolkata,Banglore,14:05:00,08:15:00,1090,1.0,No Info,13941
Jet Airways,2019-03-06,Banglore,New Delhi,14:05:00,21:20:00,435,1.0,No Info,19225
Jet Airways,2019-03-12,Mumbai,Hyderabad,09:50:00,16:35:00,405,1.0,No Info,20120
Indigo,2019-06-15,Delhi,Cochin,05:05:00,12:10:00,425,1.0,No Info,6818
Indigo,2019-05-24,Kolkata,Banglore,15:30:00,18:05:00,155,0.0,No Info,4804
Air India,2019-03-01,Banglore,New Delhi,22:00:00,23:20:00,1520,1.0,Change airports,14305
Indigo,2019-04-06,Banglore,Delhi,18:25:00,21:20:00,175,0.0,No Info,4823
Indigo,2019-06-06,Banglore,Delhi,01:30:00,04:15:00,165,0.0,No Info,3943
Spicejet,2019-06-15,Kolkata,Banglore,14:55:00,17:25:00,150,0.0,No Info,3873
Multiple Carriers,2019-06-03,Delhi,Cochin,11:25:00,19:15:00,470,1.0,No Info,7354
Air India,2019-05-09,Delhi,Cochin,06:05:00,09:25:00,1640,1.0,No Info,7480
Spicejet,2019-06-24,Banglore,Delhi,21:10:00,00:05:00,175,0.0,No Info,3971
Indigo,2019-03-21,Delhi,Cochin,07:30:00,21:00:00,810,1.0,No Info,8784
Jet Airways,2019-03-27,Delhi,Cochin,21:50:00,19:45:00,1315,1.0,In-flight meal not included,7438
Jet Airways,2019-05-03,Mumbai,Hyderabad,10:20:00,11:50:00,90,0.0,No Info,8040
Jet Airways,2019-03-21,Banglore,New Delhi,22:50:00,07:40:00,530,1.0,In-flight meal not included,7045
Jet Airways,2019-03-21,Delhi,Cochin,19:10:00,04:25:00,1995,2.0,No Info,10929
Indigo,2019-06-12,Mumbai,Hyderabad,19:05:00,20:35:00,90,0.0,No Info,2754
Indigo,2019-03-09,Banglore,New Delhi,21:20:00,00:15:00,175,0.0,No Info,4777
Air India,2019-06-09,Mumbai,Hyderabad,06:20:00,07:40:00,80,0.0,No Info,3100
Air India,2019-04-21,Banglore,Delhi,10:00:00,12:45:00,165,0.0,No Info,5228
Multiple Carriers,2019-03-03,Delhi,Cochin,13:05:00,22:20:00,555,1.0,No Info,14153
Jet Airways,2019-04-03,Banglore,Delhi,17:45:00,20:45:00,180,0.0,No Info,7229
Jet Airways,2019-05-18,Delhi,Cochin,23:05:00,04:25:00,1760,2.0,No Info,15129
Jet Airways,2019-06-03,Delhi,Cochin,09:40:00,19:00:00,560,2.0,No Info,13014
Jet Airways,2019-05-09,Delhi,Cochin,18:15:00,12:35:00,1100,1.0,In-flight meal not included,12373
Jet Airways,2019-06-09,Kolkata,Banglore,20:00:00,08:15:00,735,1.0,No Info,14939
Jet Airways,2019-05-21,Kolkata,Banglore,06:30:00,16:20:00,590,1.0,In-flight meal not included,10844
Spicejet,2019-03-24,Kolkata,Banglore,15:05:00,20:45:00,340,1.0,No Info,6197
Goair,2019-05-15,Delhi,Cochin,07:00:00,12:55:00,355,1.0,No Info,7682
Air India,2019-06-15,Delhi,Cochin,21:00:00,07:40:00,640,1.0,No Info,8372
Air India,2019-04-06,Delhi,Cochin,17:20:00,09:25:00,965,1.0,No Info,4697
Indigo,2019-05-21,Delhi,Cochin,05:35:00,08:50:00,195,0.0,No Info,5601
Indigo,2019-04-01,Kolkata,Banglore,20:20:00,22:55:00,155,0.0,No Info,4488
Multiple Carriers,2019-06-03,Delhi,Cochin,15:15:00,01:30:00,615,1.0,No Info,6795
Indigo,2019-06-06,Banglore,Delhi,13:00:00,15:50:00,170,0.0,No Info,3943
Air India,2019-06-09,Kolkata,Banglore,17:30:00,20:25:00,1615,1.0,No Info,10413
Jet Airways,2019-05-06,Kolkata,Banglore,20:00:00,08:15:00,735,1.0,In-flight meal not included,9663
Indigo,2019-05-18,Delhi,Cochin,15:00:00,01:30:00,630,1.0,No Info,7503
Jet Airways,2019-06-21,Banglore,Delhi,19:50:00,22:50:00,180,0.0,In-flight meal not included,7754
Jet Airways,2019-05-06,Kolkata,Banglore,17:00:00,21:05:00,1685,1.0,No Info,13067
Air India,2019-03-03,Banglore,New Delhi,12:00:00,23:55:00,715,3.0,No Info,10573
Air India,2019-05-21,Kolkata,Banglore,16:50:00,13:45:00,1255,2.0,No Info,13484
Air India,2019-03-01,Banglore,New Delhi,10:30:00,22:55:00,745,1.0,No Info,11003
Indigo,2019-03-12,Mumbai,Hyderabad,06:20:00,07:45:00,85,0.0,No Info,4049
Air India,2019-03-01,Banglore,New Delhi,05:50:00,09:15:00,1645,1.0,No Info,13439
Air India,2019-03-09,Delhi,Cochin,08:00:00,19:15:00,675,1.0,No Info,16754
Indigo,2019-03-03,Banglore,New Delhi,14:25:00,19:25:00,300,1.0,No Info,11873
Jet Airways,2019-06-06,Delhi,Cochin,13:00:00,19:00:00,360,1.0,In-flight meal not included,10262
Jet Airways,2019-06-01,Delhi,Cochin,14:35:00,04:25:00,830,2.0,No Info,13376
Multiple Carriers,2019-06-03,Delhi,Cochin,12:50:00,01:30:00,760,1.0,No Info,7530
Jet Airways,2019-06-09,Kolkata,Banglore,06:30:00,12:00:00,330,1.0,In-flight meal not included,10844
Jet Airways,2019-06-15,Delhi,Cochin,05:30:00,04:25:00,1375,2.0,No Info,13014
Vistara,2019-05-09,Delhi,Cochin,14:40:00,17:50:00,190,0.0,No Info,6216
Indigo,2019-04-21,Banglore,Delhi,10:10:00,13:00:00,170,0.0,No Info,4591
Jet Airways,2019-05-12,Kolkata,Banglore,09:35:00,10:55:00,1520,1.0,No Info,14151
Jet Airways,2019-06-09,Delhi,Cochin,21:25:00,12:35:00,910,2.0,No Info,13292
Jet Airways,2019-06-12,Kolkata,Banglore,21:10:00,10:05:00,775,1.0,No Info,13044
Jet Airways,2019-03-06,Banglore,New Delhi,08:55:00,07:40:00,1365,1.0,No Info,14815
Vistara,2019-05-21,Kolkata,Banglore,07:10:00,09:05:00,1555,1.0,No Info,8452
Jet Airways,2019-06-15,Delhi,Cochin,14:00:00,19:00:00,300,1.0,In-flight meal not included,10262
Jet Airways,2019-05-21,Banglore,Delhi,06:00:00,08:45:00,165,0.0,In-flight meal not included,4030
Multiple Carriers,2019-05-15,Delhi,Cochin,08:45:00,19:15:00,630,1.0,No Info,8266
Jet Airways,2019-05-06,Kolkata,Banglore,14:05:00,19:50:00,345,1.0,In-flight meal not included,10844
Indigo,2019-06-12,Delhi,Cochin,06:50:00,12:10:00,320,1.0,No Info,5298
Multiple Carriers,2019-05-15,Delhi,Cochin,09:00:00,21:00:00,720,1.0,No Info,8073
Jet Airways,2019-06-24,Delhi,Cochin,20:55:00,12:35:00,940,1.0,In-flight meal not included,10262
Jet Airways,2019-05-09,Mumbai,Hyderabad,02:55:00,04:20:00,85,0.0,In-flight meal not included,3210
Air India,2019-05-18,Kolkata,Banglore,09:25:00,17:20:00,1915,2.0,No Info,13616
Multiple Carriers,2019-06-27,Delhi,Cochin,07:30:00,19:00:00,690,1.0,No Info,10877
Vistara,2019-05-06,Kolkata,Banglore,17:00:00,10:45:00,1065,1.0,No Info,8662
Multiple Carriers,2019-03-27,Delhi,Cochin,09:00:00,18:50:00,590,1.0,No Info,11667
Air India,2019-05-24,Mumbai,Hyderabad,19:30:00,20:45:00,75,0.0,No Info,3625
Multiple Carriers,2019-05-15,Delhi,Cochin,06:40:00,19:00:00,740,1.0,No Info,9315
Jet Airways,2019-06-06,Mumbai,Hyderabad,10:20:00,11:50:00,90,0.0,No Info,8040
Jet Airways,2019-05-18,Kolkata,Banglore,21:10:00,09:20:00,730,1.0,In-flight meal not included,9663
Jet Airways,2019-06-24,Delhi,Cochin,09:40:00,04:25:00,1125,2.0,In-flight meal not included,10368
Jet Airways,2019-05-18,Kolkata,Banglore,21:10:00,08:15:00,665,1.0,In-flight meal not included,8586
Spicejet,2019-03-18,Chennai,Kolkata,08:20:00,10:35:00,135,0.0,No Info,3859
Indigo,2019-06-24,Delhi,Cochin,09:15:00,01:30:00,975,1.0,No Info,6628
Jet Airways,2019-03-12,Banglore,New Delhi,05:50:00,15:00:00,550,1.0,No Info,11297
Multiple Carriers,2019-03-03,Delhi,Cochin,02:15:00,13:20:00,665,1.0,No Info,17057
Indigo,2019-04-09,Delhi,Cochin,16:00:00,01:30:00,570,1.0,No Info,6573
Indigo,2019-06-12,Kolkata,Banglore,21:00:00,02:15:00,315,1.0,No Info,5930
Multiple Carriers,2019-03-09,Delhi,Cochin,08:40:00,21:00:00,740,1.0,No Info,18228
Jet Airways,2019-05-21,Kolkata,Banglore,06:30:00,10:05:00,1655,1.0,No Info,13941
Jet Airways,2019-03-21,Delhi,Cochin,19:10:00,04:25:00,1995,2.0,In-flight meal not included,8834
Multiple Carriers,2019-06-24,Delhi,Cochin,09:45:00,22:30:00,765,1.0,No Info,9646
Jet Airways,2019-06-12,Delhi,Cochin,11:30:00,04:25:00,1015,1.0,In-flight meal not included,10262
Jet Airways,2019-05-18,Kolkata,Banglore,08:25:00,16:20:00,475,1.0,In-flight meal not included,10844
Jet Airways,2019-05-06,Banglore,Delhi,06:00:00,08:45:00,165,0.0,In-flight meal not included,5198
Indigo,2019-03-09,Chennai,Kolkata,07:55:00,10:15:00,140,0.0,No Info,6297
Jet Airways,2019-05-15,Kolkata,Banglore,14:05:00,16:20:00,1575,1.0,In-flight meal not included,10844
Vistara,2019-03-03,Banglore,New Delhi,06:40:00,12:35:00,355,1.0,No Info,12476
Jet Airways,2019-03-21,Mumbai,Hyderabad,03:05:00,04:25:00,80,0.0,In-flight meal not included,2759
Indigo,2019-05-21,Delhi,Cochin,16:00:00,21:00:00,300,1.0,No Info,7255
Jet Airways,2019-05-09,Delhi,Cochin,07:05:00,12:35:00,330,1.0,In-flight meal not included,12373
Air India,2019-05-27,Delhi,Cochin,05:10:00,08:00:00,170,0.0,No Info,6094
Jet Airways,2019-06-01,Delhi,Cochin,05:30:00,19:00:00,810,2.0,In-flight meal not included,10368
Air India,2019-03-27,Delhi,Cochin,20:30:00,23:00:00,1590,1.0,No Info,5022
Jet Airways,2019-06-15,Delhi,Cochin,08:00:00,19:00:00,660,1.0,In-flight meal not included,10262
Jet Airways,2019-06-03,Delhi,Cochin,14:35:00,12:35:00,1320,2.0,In-flight meal not included,10919
Indigo,2019-05-27,Banglore,Delhi,06:05:00,08:50:00,165,0.0,No Info,4423
Indigo,2019-04-03,Delhi,Cochin,10:35:00,15:35:00,300,1.0,No Info,5073
Indigo,2019-06-06,Delhi,Cochin,07:30:00,21:00:00,810,1.0,No Info,6093
Multiple Carriers,2019-05-18,Delhi,Cochin,10:00:00,21:00:00,660,1.0,In-flight meal not included,9275
Jet Airways,2019-05-24,Mumbai,Hyderabad,07:05:00,08:30:00,85,0.0,No Info,8040
Air India,2019-05-27,Delhi,Cochin,22:00:00,19:15:00,1275,2.0,No Info,10231
Jet Airways,2019-06-12,Kolkata,Banglore,18:55:00,08:15:00,800,1.0,No Info,13044
Indigo,2019-03-21,Delhi,Cochin,10:45:00,21:00:00,615,1.0,No Info,6838
Air India,2019-04-03,Mumbai,Hyderabad,21:05:00,22:25:00,80,0.0,No Info,2050
Jet Airways,2019-06-09,Delhi,Cochin,21:25:00,19:00:00,1295,2.0,No Info,13292
Air India,2019-06-12,Delhi,Cochin,21:00:00,07:40:00,640,1.0,No Info,8372
Indigo,2019-05-27,Banglore,Delhi,01:30:00,04:15:00,165,0.0,No Info,3419
Indigo,2019-06-03,Delhi,Cochin,14:20:00,22:30:00,490,1.0,No Info,6938
Jet Airways,2019-05-27,Delhi,Cochin,17:30:00,04:25:00,655,1.0,In-flight meal not included,12898
Air India,2019-03-27,Delhi,Cochin,13:05:00,07:40:00,1115,2.0,No Info,8892
Air India,2019-05-15,Delhi,Cochin,07:05:00,09:25:00,1580,2.0,No Info,10975
Spicejet,2019-05-01,Kolkata,Banglore,15:55:00,21:25:00,330,1.0,No Info,8844
Jet Airways,2019-05-18,Delhi,Cochin,18:15:00,04:25:00,610,1.0,In-flight meal not included,12373
Air India,2019-06-15,Delhi,Cochin,12:30:00,09:25:00,1255,1.0,No Info,7480
Spicejet,2019-06-06,Kolkata,Banglore,08:35:00,17:15:00,520,1.0,No Info,6643
Jet Airways,2019-06-09,Mumbai,Hyderabad,07:05:00,08:30:00,85,0.0,In-flight meal not included,4050
Air India,2019-06-12,Kolkata,Banglore,20:30:00,13:45:00,1035,2.0,No Info,12224
Jet Airways,2019-06-06,Mumbai,Hyderabad,02:55:00,04:20:00,85,0.0,No Info,5678
Jet Airways,2019-03-18,Banglore,New Delhi,18:40:00,00:45:00,365,1.0,No Info,54826
Jet Airways,2019-06-06,Kolkata,Banglore,10:20:00,17:35:00,435,1.0,No Info,11316
Air India,2019-06-09,Kolkata,Banglore,09:25:00,05:35:00,1210,2.0,No Info,11642
Jet Airways,2019-05-01,Banglore,Delhi,17:45:00,20:45:00,180,0.0,No Info,7229
Vistara,2019-03-21,Delhi,Cochin,14:55:00,17:50:00,175,0.0,No Info,5586
Air India,2019-05-09,Kolkata,Banglore,08:20:00,07:55:00,1415,2.0,No Info,10697
Indigo,2019-06-09,Delhi,Cochin,07:35:00,12:10:00,275,1.0,No Info,5054
Indigo,2019-04-06,Kolkata,Banglore,19:20:00,23:45:00,265,1.0,No Info,3480
Goair,2019-04-27,Banglore,Delhi,20:55:00,23:40:00,165,0.0,No Info,3898
Jet Airways,2019-03-24,Kolkata,Banglore,13:55:00,23:25:00,570,1.0,No Info,14231
Goair,2019-06-15,Banglore,Delhi,20:55:00,23:40:00,165,0.0,No Info,3898
Air Asia,2019-06-03,Banglore,Delhi,23:55:00,02:45:00,170,0.0,No Info,7120
Jet Airways,2019-03-21,Mumbai,Hyderabad,19:35:00,21:05:00,90,0.0,No Info,5678
Multiple Carriers,2019-06-12,Delhi,Cochin,08:00:00,21:00:00,780,1.0,No Info,13797
Vistara,2019-03-24,Banglore,New Delhi,21:10:00,00:05:00,175,0.0,No Info,4353
Indigo,2019-05-18,Delhi,Cochin,06:50:00,12:10:00,320,1.0,No Info,6347
Vistara,2019-03-06,Mumbai,Hyderabad,08:45:00,09:25:00,1480,1.0,No Info,12395
Air India,2019-06-12,Kolkata,Banglore,16:50:00,07:55:00,905,1.0,No Info,8366
Jet Airways,2019-06-27,Delhi,Cochin,06:45:00,12:35:00,1790,2.0,In-flight meal not included,10919
Jet Airways,2019-06-06,Delhi,Cochin,18:25:00,04:25:00,600,2.0,In-flight meal not included,12142
Indigo,2019-03-06,Delhi,Cochin,07:35:00,22:20:00,885,1.0,No Info,7094
Jet Airways,2019-03-06,Banglore,New Delhi,16:55:00,05:05:00,730,1.0,No Info,16736
Air India,2019-03-21,Delhi,Cochin,19:00:00,19:15:00,1455,1.0,No Info,6587
Multiple Carriers,2019-05-21,Delhi,Cochin,15:05:00,01:30:00,625,2.0,No Info,16655
Goair,2019-04-09,Delhi,Cochin,07:25:00,13:20:00,355,1.0,No Info,4106
Jet Airways,2019-05-09,Delhi,Cochin,19:45:00,19:00:00,1395,1.0,No Info,15554
Indigo,2019-03-09,Delhi,Cochin,06:40:00,21:00:00,860,1.0,No Info,12351
Jet Airways,2019-03-27,Delhi,Cochin,09:00:00,18:50:00,590,1.0,In-flight meal not included,5963
Air India,2019-06-24,Delhi,Cochin,22:00:00,19:15:00,1275,2.0,No Info,9181
Indigo,2019-04-15,Banglore,Delhi,23:30:00,02:20:00,170,0.0,No Info,4591
Spicejet,2019-05-01,Mumbai,Hyderabad,22:45:00,00:15:00,90,0.0,No Info,2017
Indigo,2019-05-01,Delhi,Cochin,18:35:00,01:30:00,415,1.0,No Info,8854
Indigo,2019-03-24,Kolkata,Banglore,05:35:00,11:20:00,345,1.0,No Info,9319
Multiple Carriers,2019-03-27,Delhi,Cochin,06:00:00,19:15:00,795,1.0,No Info,8371
Indigo,2019-06-01,Chennai,Kolkata,19:35:00,21:55:00,140,0.0,No Info,3597
Jet Airways,2019-03-24,Banglore,New Delhi,05:45:00,10:45:00,300,1.0,In-flight meal not included,8147
Indigo,2019-04-27,Banglore,Delhi,10:10:00,13:00:00,170,0.0,No Info,4423
Multiple Carriers,2019-05-21,Delhi,Cochin,07:10:00,18:10:00,660,1.0,No Info,7038
Jet Airways,2019-06-12,Delhi,Cochin,14:35:00,12:35:00,1320,2.0,No Info,13376
Jet Airways,2019-05-27,Delhi,Cochin,13:25:00,12:35:00,1390,2.0,No Info,15129
Jet Airways,2019-03-09,Banglore,New Delhi,07:00:00,20:20:00,800,1.0,In-flight meal not included,11087
Air India,2019-05-21,Delhi,Cochin,17:20:00,09:25:00,965,1.0,No Info,7480
Spicejet,2019-04-09,Banglore,Delhi,09:30:00,12:20:00,170,0.0,No Info,4423
Jet Airways,2019-03-21,Delhi,Cochin,18:25:00,04:25:00,2040,2.0,No Info,12347
Air India,2019-05-27,Delhi,Cochin,10:00:00,19:15:00,555,1.0,No Info,12029
Vistara,2019-05-09,Kolkata,Banglore,07:10:00,20:20:00,790,1.0,No Info,8610
Air India,2019-05-09,Delhi,Cochin,07:05:00,07:40:00,1475,2.0,No Info,13547
Air Asia,2019-05-21,Kolkata,Banglore,07:35:00,23:30:00,955,1.0,No Info,5192
Jet Airways,2019-05-09,Delhi,Cochin,11:30:00,19:00:00,450,1.0,No Info,15554
Jet Airways,2019-05-09,Kolkata,Banglore,18:55:00,10:05:00,910,1.0,No Info,13941
Indigo,2019-04-21,Delhi,Cochin,02:00:00,07:45:00,345,1.0,No Info,6258
Air India,2019-05-09,Delhi,Cochin,05:55:00,19:15:00,800,2.0,No Info,10861
Air India,2019-04-06,Banglore,Delhi,06:10:00,08:55:00,165,0.0,No Info,5176
Indigo,2019-06-01,Mumbai,Hyderabad,06:25:00,07:55:00,90,0.0,No Info,4049
Indigo,2019-06-09,Mumbai,Hyderabad,09:10:00,10:40:00,90,0.0,No Info,4049
Jet Airways,2019-03-09,Banglore,New Delhi,05:45:00,10:25:00,280,1.0,In-flight meal not included,11087
Air India,2019-03-09,Delhi,Cochin,21:40:00,07:40:00,600,1.0,No Info,13832
Jet Airways,2019-05-12,Kolkata,Banglore,20:25:00,10:55:00,870,1.0,No Info,14151
Air India,2019-05-06,Kolkata,Banglore,19:00:00,09:50:00,890,1.0,No Info,6117
Jet Airways,2019-05-24,Kolkata,Banglore,21:10:00,08:15:00,665,1.0,No Info,14178
Spicejet,2019-06-12,Kolkata,Banglore,15:05:00,20:20:00,315,1.0,No Info,4649
Indigo,2019-06-27,Delhi,Cochin,07:35:00,12:10:00,275,1.0,No Info,5054
Multiple Carriers,2019-03-21,Delhi,Cochin,06:00:00,15:30:00,570,1.0,No Info,11269
Air India,2019-06-21,Mumbai,Hyderabad,21:05:00,22:25:00,80,0.0,No Info,3100
Jet Airways,2019-05-18,Kolkata,Banglore,14:05:00,12:00:00,1315,1.0,In-flight meal not included,9663
Jet Airways,2019-03-24,Kolkata,Banglore,19:45:00,08:10:00,745,1.0,No Info,14231
Indigo,2019-03-09,Banglore,New Delhi,07:30:00,12:20:00,290,1.0,No Info,5694
Jet Airways,2019-05-06,Kolkata,Banglore,20:00:00,09:20:00,800,1.0,No Info,14388
Jet Airways,2019-06-27,Delhi,Cochin,20:55:00,19:00:00,1325,1.0,In-flight meal not included,10262
Spicejet,2019-06-06,Kolkata,Banglore,09:00:00,11:25:00,145,0.0,No check-in baggage included,3841
Air Asia,2019-05-09,Delhi,Cochin,20:45:00,07:10:00,625,1.0,No Info,6751
Indigo,2019-04-15,Kolkata,Banglore,20:20:00,22:55:00,155,0.0,No Info,4174
Jet Airways,2019-05-06,Kolkata,Banglore,20:00:00,20:45:00,1485,1.0,No Info,14388
Indigo,2019-03-15,Mumbai,Hyderabad,21:20:00,22:45:00,85,0.0,No Info,2754
Multiple Carriers,2019-03-21,Delhi,Cochin,08:00:00,21:00:00,780,1.0,No Info,6883
Air India,2019-05-06,Delhi,Cochin,14:10:00,17:10:00,180,0.0,No Info,6934
Spicejet,2019-04-15,Kolkata,Banglore,09:00:00,11:25:00,145,0.0,No Info,4174
Goair,2019-04-12,Banglore,Delhi,11:40:00,14:30:00,170,0.0,No Info,4937
Indigo,2019-05-21,Kolkata,Banglore,15:30:00,18:05:00,155,0.0,No Info,4804
Spicejet,2019-04-18,Banglore,Delhi,05:55:00,08:35:00,160,0.0,No check-in baggage included,4319
Jet Airways,2019-06-15,Mumbai,Hyderabad,10:20:00,11:50:00,90,0.0,In-flight meal not included,4050
Jet Airways,2019-05-09,Delhi,Cochin,09:40:00,04:25:00,1125,2.0,No Info,15129
Spicejet,2019-06-27,Banglore,Delhi,21:10:00,00:05:00,175,0.0,No check-in baggage included,4319
Jet Airways,2019-06-06,Kolkata,Banglore,20:00:00,22:35:00,1595,1.0,In-flight meal not included,10844
Indigo,2019-03-15,Banglore,New Delhi,14:25:00,19:25:00,300,1.0,No Info,9165
Multiple Carriers,2019-05-21,Delhi,Cochin,09:15:00,19:15:00,600,1.0,No Info,8099
Indigo,2019-03-21,Chennai,Kolkata,07:55:00,10:15:00,140,0.0,No Info,3384
Air India,2019-05-01,Kolkata,Banglore,09:25:00,13:45:00,1700,2.0,No Info,16372
Air Asia,2019-05-18,Kolkata,Banglore,19:55:00,23:30:00,215,1.0,No Info,6857
Jet Airways,2019-03-27,Delhi,Cochin,21:50:00,04:25:00,395,1.0,No Info,12242
Jet Airways,2019-06-24,Mumbai,Hyderabad,02:55:00,04:20:00,85,0.0,In-flight meal not included,4050
Jet Airways,2019-03-01,Banglore,New Delhi,08:55:00,18:25:00,570,1.0,No Info,26890
Vistara,2019-05-24,Kolkata,Banglore,07:10:00,22:40:00,930,1.0,No Info,9397
Air Asia,2019-05-24,Kolkata,Banglore,07:35:00,19:25:00,710,1.0,No Info,5192
Jet Airways,2019-04-21,Banglore,Delhi,17:45:00,20:45:00,180,0.0,No Info,7229
Indigo,2019-06-24,Chennai,Kolkata,13:15:00,15:35:00,140,0.0,No Info,3597
Multiple Carriers,2019-05-21,Delhi,Cochin,14:00:00,21:00:00,420,1.0,No Info,14067
Indigo,2019-05-12,Kolkata,Banglore,09:35:00,12:20:00,165,0.0,No Info,4804
Jet Airways,2019-05-18,Kolkata,Banglore,20:25:00,19:10:00,1365,1.0,No Info,14151
Air India,2019-05-01,Chennai,Kolkata,11:40:00,13:55:00,135,0.0,No Info,4667
Air Asia,2019-05-09,Banglore,Delhi,11:10:00,13:55:00,165,0.0,No Info,3383
Jet Airways,2019-05-15,Kolkata,Banglore,20:00:00,04:40:00,520,1.0,In-flight meal not included,8586
Air India,2019-03-09,Delhi,Cochin,21:30:00,19:15:00,1305,2.0,No Info,11762
Jet Airways,2019-04-01,Kolkata,Banglore,21:10:00,04:40:00,450,1.0,No Info,13364
Spicejet,2019-03-18,Mumbai,Hyderabad,05:45:00,07:05:00,80,0.0,No check-in baggage included,2385
Vistara,2019-05-18,Delhi,Cochin,14:40:00,17:50:00,190,0.0,No Info,6741
Air India,2019-06-27,Delhi,Cochin,12:30:00,09:25:00,1255,1.0,No Info,7480
Jet Airways,2019-05-09,Delhi,Cochin,09:00:00,04:25:00,1165,1.0,In-flight meal not included,12373
Air Asia,2019-05-27,Delhi,Cochin,16:45:00,22:25:00,340,1.0,No Info,6752
Spicejet,2019-05-21,Banglore,Delhi,21:10:00,00:05:00,175,0.0,No check-in baggage included,3573
Air India,2019-06-01,Delhi,Cochin,18:45:00,19:15:00,1470,2.0,No Info,12940
Air India,2019-05-01,Kolkata,Banglore,19:00:00,11:05:00,965,1.0,No Info,6117
Multiple Carriers,2019-05-27,Delhi,Cochin,13:00:00,01:30:00,750,1.0,No Info,13377
Spicejet,2019-03-09,Kolkata,Banglore,17:15:00,19:45:00,150,0.0,No Info,4622
Jet Airways,2019-05-01,Kolkata,Banglore,20:00:00,09:20:00,800,1.0,In-flight meal not included,9663
Multiple Carriers,2019-04-09,Delhi,Cochin,10:35:00,19:15:00,520,1.0,No Info,6106
Multiple Carriers,2019-06-12,Delhi,Cochin,08:00:00,21:00:00,780,1.0,No Info,7408
Indigo,2019-06-24,Kolkata,Banglore,14:25:00,16:55:00,150,0.0,No Info,4804
Jet Airways,2019-05-24,Kolkata,Banglore,18:55:00,09:20:00,865,1.0,In-flight meal not included,10844
Vistara,2019-03-06,Mumbai,Hyderabad,15:40:00,16:45:00,1505,1.0,No Info,12395
Jet Airways,2019-03-21,Delhi,Cochin,02:15:00,04:25:00,1570,1.0,In-flight meal not included,7438
Jet Airways,2019-06-15,Delhi,Cochin,13:00:00,19:00:00,360,1.0,In-flight meal not included,10262
Spicejet,2019-03-15,Banglore,New Delhi,10:20:00,18:15:00,475,1.0,No Info,10341
Spicejet,2019-05-18,Kolkata,Banglore,06:55:00,09:30:00,155,0.0,No Info,3873
Indigo,2019-05-09,Delhi,Cochin,06:50:00,12:10:00,320,1.0,No Info,5298
Spicejet,2019-04-09,Kolkata,Banglore,09:00:00,11:25:00,145,0.0,No check-in baggage included,3841
Indigo,2019-03-24,Banglore,New Delhi,22:20:00,01:10:00,170,0.0,No Info,4377
Jet Airways,2019-05-24,Kolkata,Banglore,09:35:00,21:05:00,690,1.0,No Info,14151
Multiple Carriers,2019-05-18,Delhi,Cochin,07:00:00,21:00:00,840,1.0,No Info,8073
Vistara,2019-03-03,Banglore,New Delhi,07:00:00,09:40:00,160,0.0,No Info,8028
Air India,2019-04-24,Banglore,Delhi,10:00:00,12:45:00,165,0.0,No Info,6121
Spicejet,2019-06-06,Chennai,Kolkata,09:45:00,12:00:00,135,0.0,No Info,3597
Vistara,2019-06-12,Kolkata,Banglore,07:10:00,09:05:00,1555,1.0,No Info,7927
Jet Airways,2019-05-06,Kolkata,Banglore,14:05:00,10:05:00,1200,1.0,In-flight meal not included,9663
Indigo,2019-06-09,Kolkata,Banglore,15:15:00,17:45:00,150,0.0,No Info,5224
Jet Airways,2019-03-15,Banglore,New Delhi,08:00:00,08:15:00,1455,1.0,In-flight meal not included,10405
Vistara,2019-04-09,Banglore,Delhi,11:30:00,14:20:00,170,0.0,No Info,5403
Jet Airways,2019-06-09,Kolkata,Banglore,21:10:00,12:00:00,890,1.0,In-flight meal not included,10844
Jet Airways,2019-06-12,Kolkata,Banglore,18:55:00,16:20:00,1285,1.0,No Info,13044
Air India,2019-05-15,Kolkata,Banglore,10:00:00,13:45:00,1665,2.0,No Info,16057
Air India,2019-06-01,Mumbai,Hyderabad,19:30:00,20:45:00,75,0.0,No Info,3100
Multiple Carriers,2019-06-06,Delhi,Cochin,13:00:00,01:30:00,750,1.0,No Info,7198
Jet Airways,2019-05-09,Delhi,Cochin,09:40:00,04:25:00,1125,2.0,In-flight meal not included,13029
Jet Airways,2019-03-09,Banglore,New Delhi,05:50:00,15:00:00,550,1.0,In-flight meal not included,10037
Jet Airways,2019-05-21,Delhi,Cochin,02:15:00,19:00:00,1005,1.0,In-flight meal not included,12898
Air India,2019-06-01,Delhi,Cochin,17:00:00,19:15:00,1575,1.0,No Info,8792
Goair,2019-06-06,Banglore,Delhi,11:40:00,14:30:00,170,0.0,No Info,3898
Air India,2019-05-09,Delhi,Cochin,13:00:00,19:15:00,375,1.0,No Info,8372
Indigo,2019-06-03,Banglore,Delhi,00:25:00,03:15:00,170,0.0,No Info,3943
Jet Airways,2019-04-01,Kolkata,Banglore,08:25:00,20:45:00,740,1.0,No Info,12681
Multiple Carriers,2019-06-01,Delhi,Cochin,10:35:00,19:00:00,505,1.0,No Info,11200
Jet Airways,2019-03-24,Kolkata,Banglore,06:30:00,18:10:00,700,1.0,In-flight meal not included,10031
Indigo,2019-03-18,Chennai,Kolkata,13:20:00,15:35:00,135,0.0,No Info,3858
Jet Airways,2019-03-03,Delhi,Cochin,16:00:00,18:50:00,1610,1.0,No Info,17234
Multiple Carriers,2019-03-03,Delhi,Cochin,17:30:00,01:35:00,485,1.0,No Info,17057
Air India,2019-03-12,Banglore,New Delhi,06:45:00,23:15:00,990,1.0,No Info,11602
Indigo,2019-03-21,Kolkata,Banglore,21:25:00,00:05:00,160,0.0,No Info,4148
Jet Airways,2019-04-18,Banglore,Delhi,11:10:00,14:05:00,175,0.0,No Info,7229
Jet Airways,2019-06-24,Banglore,Delhi,17:45:00,20:45:00,180,0.0,No Info,8016
Indigo,2019-03-21,Delhi,Cochin,07:30:00,15:30:00,480,1.0,No Info,10208
Air India,2019-03-21,Banglore,New Delhi,11:50:00,08:55:00,1265,1.0,No Info,5092
Vistara,2019-06-06,Chennai,Kolkata,07:05:00,09:20:00,135,0.0,No Info,3687
Indigo,2019-05-18,Banglore,Delhi,22:10:00,01:00:00,170,0.0,No Info,3943
Air India,2019-05-21,Delhi,Cochin,05:55:00,07:40:00,1545,2.0,No Info,11543
Jet Airways,2019-05-09,Delhi,Cochin,20:55:00,04:25:00,450,1.0,In-flight meal not included,12373
Air India,2019-03-06,Delhi,Cochin,10:00:00,19:15:00,555,1.0,No Info,16439
Spicejet,2019-06-21,Kolkata,Banglore,09:00:00,11:25:00,145,0.0,No Info,3873
Jet Airways,2019-03-18,Banglore,New Delhi,14:05:00,20:20:00,375,1.0,No Info,13555
Jet Airways,2019-06-01,Delhi,Cochin,09:40:00,04:25:00,1125,2.0,In-flight meal not included,10368
Jet Airways,2019-06-27,Delhi,Cochin,08:00:00,19:00:00,660,1.0,In-flight meal not included,10262
Air India,2019-04-01,Mumbai,Hyderabad,21:05:00,22:25:00,80,0.0,No Info,2050
Spicejet,2019-03-03,Banglore,New Delhi,09:35:00,12:30:00,175,0.0,No Info,6860
Jet Airways,2019-03-06,Delhi,Cochin,13:00:00,18:50:00,350,1.0,No Info,17024
Jet Airways,2019-03-21,Banglore,New Delhi,14:05:00,07:40:00,1055,1.0,In-flight meal not included,7832
Jet Airways,2019-05-21,Delhi,Cochin,07:05:00,19:00:00,715,1.0,In-flight meal not included,12239
Air India,2019-05-18,Kolkata,Banglore,12:00:00,21:50:00,590,2.0,No Info,10151
Jet Airways,2019-06-12,Delhi,Cochin,19:30:00,12:35:00,1025,2.0,In-flight meal not included,10368
Multiple Carriers,2019-06-06,Delhi,Cochin,11:40:00,21:00:00,560,1.0,No Info,7005
Spicejet,2019-03-24,Banglore,New Delhi,09:35:00,12:30:00,175,0.0,No check-in baggage included,6205
Jet Airways,2019-05-18,Delhi,Cochin,07:05:00,19:00:00,715,1.0,No Info,15554
Air Asia,2019-04-03,Kolkata,Banglore,10:20:00,12:55:00,155,0.0,No Info,4107
Spicejet,2019-06-18,Chennai,Kolkata,17:45:00,20:05:00,140,0.0,No Info,3597
Spicejet,2019-05-21,Delhi,Cochin,17:55:00,22:50:00,295,1.0,No Info,5975
Jet Airways,2019-06-09,Delhi,Cochin,09:25:00,04:25:00,1140,2.0,No Info,13882
Jet Airways,2019-06-03,Delhi,Cochin,18:15:00,12:35:00,1100,1.0,In-flight meal not included,10262
Jet Airways,2019-06-01,Delhi,Cochin,07:05:00,12:35:00,330,1.0,No Info,16079
Indigo,2019-06-03,Banglore,Delhi,01:30:00,04:15:00,165,0.0,No Info,3943
Air India,2019-06-01,Delhi,Cochin,05:15:00,07:40:00,1585,3.0,No Info,12383
Multiple Carriers,2019-06-09,Delhi,Cochin,07:10:00,22:30:00,920,1.0,No Info,6513
Indigo,2019-03-03,Delhi,Cochin,08:35:00,21:20:00,765,2.0,No Info,8049
Indigo,2019-03-24,Banglore,New Delhi,18:25:00,21:20:00,175,0.0,No Info,8033
Jet Airways,2019-04-01,Kolkata,Banglore,08:25:00,12:00:00,1655,1.0,In-flight meal not included,7064
Jet Airways,2019-06-27,Delhi,Cochin,05:30:00,19:00:00,810,2.0,In-flight meal not included,11507
Multiple Carriers,2019-06-06,Delhi,Cochin,10:00:00,19:00:00,540,1.0,No Info,12717
Multiple Carriers,2019-03-21,Delhi,Cochin,10:00:00,21:00:00,660,1.0,In-flight meal not included,8085
Air India,2019-03-09,Banglore,New Delhi,06:50:00,12:15:00,325,1.0,No Info,5118
Multiple Carriers,2019-05-21,Delhi,Cochin,17:30:00,01:30:00,480,1.0,No Info,14067
Air India,2019-05-15,Kolkata,Banglore,07:00:00,16:15:00,555,1.0,No Info,11936
Vistara,2019-03-09,Banglore,New Delhi,16:10:00,18:50:00,160,0.0,No Info,7923
Jet Airways,2019-05-18,Kolkata,Banglore,17:00:00,21:05:00,1685,1.0,No Info,14151
Air India,2019-06-09,Delhi,Cochin,18:45:00,19:15:00,1470,2.0,No Info,12257
Air India,2019-05-27,Delhi,Cochin,22:00:00,19:15:00,1275,2.0,No Info,10231
Air India,2019-04-27,Delhi,Cochin,05:10:00,08:00:00,170,0.0,No Info,6094
Jet Airways,2019-05-06,Kolkata,Banglore,16:30:00,23:35:00,425,1.0,In-flight meal not included,11841
Vistara,2019-04-06,Banglore,Delhi,09:45:00,12:35:00,170,0.0,No Info,5613
Air Asia,2019-06-24,Delhi,Cochin,16:45:00,06:35:00,830,1.0,No Info,6752
Air India,2019-06-06,Delhi,Cochin,20:15:00,19:15:00,1380,2.0,No Info,13591
Spicejet,2019-05-24,Kolkata,Banglore,22:20:00,00:40:00,140,0.0,No check-in baggage included,3841
Indigo,2019-06-06,Kolkata,Banglore,20:25:00,23:10:00,165,0.0,No Info,4804
Air India,2019-04-01,Delhi,Cochin,05:10:00,08:00:00,170,0.0,No Info,4729
Jet Airways,2019-06-09,Kolkata,Banglore,18:55:00,12:00:00,1025,1.0,No Info,14571
Jet Airways,2019-03-27,Delhi,Cochin,19:10:00,04:25:00,555,2.0,No Info,10976
Jet Airways,2019-06-06,Kolkata,Banglore,17:00:00,10:55:00,1075,1.0,In-flight meal not included,10539
Jet Airways,2019-03-21,Delhi,Cochin,20:50:00,04:25:00,455,1.0,No Info,14189
Jet Airways,2019-05-12,Kolkata,Banglore,20:25:00,21:05:00,1480,1.0,In-flight meal not included,10703
Air India,2019-03-18,Banglore,New Delhi,08:50:00,23:25:00,2315,2.0,No Info,10783
Indigo,2019-05-27,Delhi,Cochin,07:35:00,22:30:00,895,1.0,No Info,7514
Jet Airways,2019-03-06,Mumbai,Hyderabad,10:20:00,11:50:00,90,0.0,No Info,8040
Jet Airways,2019-03-21,Banglore,New Delhi,14:05:00,11:25:00,1280,1.0,In-flight meal not included,7832
Jet Airways,2019-04-01,Kolkata,Banglore,20:00:00,08:15:00,735,1.0,In-flight meal not included,7064
Multiple Carriers,2019-06-27,Delhi,Cochin,06:40:00,19:15:00,755,1.0,No Info,7354
Indigo,2019-03-03,Banglore,New Delhi,04:00:00,06:50:00,170,0.0,No Info,6144
Multiple Carriers,2019-06-27,Delhi,Cochin,11:30:00,19:15:00,465,1.0,No Info,14848
Multiple Carriers,2019-04-09,Delhi,Cochin,17:00:00,01:30:00,510,1.0,No Info,6838
Air India,2019-06-12,Banglore,Delhi,10:00:00,12:45:00,165,0.0,No Info,6961
Jet Airways,2019-03-24,Mumbai,Hyderabad,10:20:00,11:50:00,90,0.0,In-flight meal not included,2759
Jet Airways,2019-05-18,Kolkata,Banglore,18:55:00,09:20:00,865,1.0,In-flight meal not included,9663
Vistara,2019-03-15,Banglore,New Delhi,06:40:00,12:35:00,355,1.0,No Info,6800
Indigo,2019-03-24,Banglore,New Delhi,04:00:00,06:50:00,170,0.0,No Info,5694
Jet Airways,2019-05-21,Banglore,Delhi,15:50:00,18:45:00,175,0.0,In-flight meal not included,3359
Multiple Carriers,2019-06-12,Delhi,Cochin,11:40:00,21:00:00,560,1.0,No Info,7005
Multiple Carriers,2019-06-03,Delhi,Cochin,11:30:00,01:30:00,840,1.0,No Info,13377
Jet Airways,2019-05-18,Kolkata,Banglore,18:55:00,08:15:00,800,1.0,In-flight meal not included,7757
Indigo,2019-04-18,Banglore,Delhi,04:00:00,06:50:00,170,0.0,No Info,4423
Indigo,2019-05-18,Kolkata,Banglore,11:30:00,14:05:00,155,0.0,No Info,4804
Jet Airways,2019-03-06,Banglore,New Delhi,14:05:00,09:00:00,1135,1.0,No Info,17261
Indigo,2019-03-27,Delhi,Cochin,06:40:00,15:30:00,530,1.0,No Info,8574
Indigo,2019-04-09,Delhi,Cochin,10:35:00,01:30:00,895,1.0,No Info,6270
Spicejet,2019-05-18,Kolkata,Banglore,22:20:00,00:40:00,140,0.0,No Info,3873
Jet Airways,2019-03-01,Banglore,New Delhi,11:40:00,09:30:00,1310,1.0,No Info,25735
Indigo,2019-06-03,Delhi,Cochin,15:00:00,01:30:00,630,1.0,No Info,6104
Jet Airways,2019-04-09,Delhi,Cochin,09:40:00,04:25:00,1125,2.0,No Info,10909
Jet Airways,2019-05-15,Banglore,Delhi,15:15:00,18:10:00,175,0.0,No Info,7229
Jet Airways,2019-03-12,Banglore,New Delhi,22:55:00,12:25:00,810,1.0,No Info,13817
Indigo,2019-04-27,Delhi,Cochin,16:00:00,21:00:00,300,1.0,No Info,6937
Jet Airways,2019-06-12,Kolkata,Banglore,08:25:00,20:45:00,740,1.0,In-flight meal not included,9899
Air India,2019-05-12,Mumbai,Hyderabad,19:30:00,20:45:00,75,0.0,No Info,3625
Jet Airways,2019-06-12,Delhi,Cochin,12:15:00,04:25:00,970,2.0,No Info,14300
Jet Airways,2019-06-06,Kolkata,Banglore,18:55:00,19:50:00,1495,1.0,In-flight meal not included,10844
Multiple Carriers,2019-06-27,Delhi,Cochin,13:00:00,01:30:00,750,1.0,No Info,13377
Jet Airways,2019-06-01,Delhi,Cochin,10:00:00,04:25:00,1105,1.0,In-flight meal not included,10262
Jet Airways,2019-06-03,Delhi,Cochin,19:30:00,04:25:00,535,2.0,In-flight meal not included,10368
Air India,2019-06-09,Kolkata,Banglore,09:50:00,23:15:00,805,3.0,No Info,14960
Air India,2019-05-18,Mumbai,Hyderabad,13:55:00,15:25:00,90,0.0,No Info,3100
Air India,2019-03-03,Banglore,New Delhi,06:45:00,11:10:00,1705,2.0,No Info,12599
Air India,2019-03-18,Banglore,New Delhi,06:45:00,16:20:00,575,2.0,No Info,12935
Indigo,2019-06-09,Delhi,Cochin,07:35:00,22:30:00,895,1.0,No Info,6442
Jet Airways,2019-05-01,Kolkata,Banglore,14:05:00,10:05:00,1200,1.0,No Info,13941
Air India,2019-03-18,Banglore,New Delhi,13:20:00,16:10:00,170,0.0,No Info,4441
Jet Airways,2019-06-06,Delhi,Cochin,11:00:00,14:15:00,195,0.0,In-flight meal not included,7202
Jet Airways,2019-06-18,Delhi,Cochin,09:50:00,13:05:00,195,0.0,In-flight meal not included,4466
Jet Airways,2019-03-01,Banglore,New Delhi,08:00:00,07:40:00,1420,1.0,No Info,22270
Vistara,2019-05-21,Kolkata,Banglore,07:10:00,22:40:00,930,1.0,No Info,8452
Multiple Carriers,2019-03-27,Delhi,Cochin,04:00:00,15:30:00,690,1.0,No Info,6305
Vistara,2019-06-01,Chennai,Kolkata,17:45:00,20:05:00,140,0.0,No Info,11982
Air India,2019-03-15,Banglore,New Delhi,11:50:00,08:55:00,1265,1.0,No Info,5932
Jet Airways,2019-05-21,Kolkata,Banglore,21:10:00,18:15:00,1265,1.0,In-flight meal not included,10844
